,,,,,,,,,,,,,,,,,,,,,,,,,,,,,,,,,,,,,,,,,,,,,,,,,,,,,,,,,,,,,,,,
Enter flag: ,,,,,,,,,,,,,,,,,,,,,,,,,,,,,,,,,,,,,,,,,,,,,,,,,,,,,,,,,,,,,,,,
Result:,,,,,,,,,,,,,,,,,,,,,,,,,,,,,,,,,,,,,,,,,,,,,,,,,,,,,,,,,,,,,,,,
,,,,,,,,,,,,,,,,,,,,,,,,,,,,,,,,,,,,,,,,,,,,,,,,,,,,,,,,,,,,,,,,
,,,,,,,,,,,,,,,,,,,,,,,,,,,,,,,,,,,,,,,,,,,,,,,,,,,,,,,,,,,,,,,,
,,,,,,,,,,,,,,,,,,,,,,,,,,,,,,,,,,,,,,,,,,,,,,,,,,,,,,,,,,,,,,,,
,,,,,,,,,,,,,,,,,,,,,,,,,,,,,,,,,,,,,,,,,,,,,,,,,,,,,,,,,,,,,,,,
,,,,,,,,,,,,,,,,,,,,,,,,,,,,,,,,,,,,,,,,,,,,,,,,,,,,,,,,,,,,,,,,
,,,,,,,,,,,,,,,,,,,,,,,,,,,,,,,,,,,,,,,,,,,,,,,,,,,,,,,,,,,,,,,,
,,,,,,,,,,,,,,,,,,,,,,,,,,,,,,,,,,,,,,,,,,,,,,,,,,,,,,,,,,,,,,,,
,,,,,,,,,,,,,,,,,,,,,,,,,,,,,,,,,,,,,,,,,,,,,,,,,,,,,,,,,,,,,,,,
,,,,,,,,,,,,,,,,,,,,,,,,,,,,,,,,,,,,,,,,,,,,,,,,,,,,,,,,,,,,,,,,
,,,,,,,,,,,,,,,,,,,,,,,,,,,,,,,,,,,,,,,,,,,,,,,,,,,,,,,,,,,,,,,,
,,,,,,,,,,,,,,,,,,,,,,,,,,,,,,,,,,,,,,,,,,,,,,,,,,,,,,,,,,,,,,,,
,,,,,,,,,,,,,,,,,,,,,,,,,,,,,,,,,,,,,,,,,,,,,,,,,,,,,,,,,,,,,,,,
,,,,,,,,,,,,,,,,,,,,,,,,,,,,,,,,,,,,,,,,,,,,,,,,,,,,,,,,,,,,,,,,
,,,,,,,,,,,,,,,,,,,,,,,,,,,,,,,,,,,,,,,,,,,,,,,,,,,,,,,,,,,,,,,,
,,,,,,,,,,,,,,,,,,,,,,,,,,,,,,,,,,,,,,,,,,,,,,,,,,,,,,,,,,,,,,,,
,,,,,,,,,,,,,,,,,,,,,,,,,,,,,,,,,,,,,,,,,,,,,,,,,,,,,,,,,,,,,,,,
,,,,,,,,,,,,,,,,,,,,,,,,,,,,,,,,,,,,,,,,,,,,,,,,,,,,,,,,,,,,,,,,
,,,,,,,,,,,,,,,,,,,,,,,,,,,,,,,,,,,,,,,,,,,,,,,,,,,,,,,,,,,,,,,,
,,,,,,,,,,,,,,,,,,,,,,,,,,,,,,,,,,,,,,,,,,,,,,,,,,,,,,,,,,,,,,,,
,,,,,,,,,,,,,,,,,,,,,,,,,,,,,,,,,,,,,,,,,,,,,,,,,,,,,,,,,,,,,,,,
,,,,,,,,,,,,,,,,,,,,,,,,,,,,,,,,,,,,,,,,,,,,,,,,,,,,,,,,,,,,,,,,
,,,,,,,,,,,,,,,,,,,,,,,,,,,,,,,,,,,,,,,,,,,,,,,,,,,,,,,,,,,,,,,,
,,,,,,,,,,,,,,,,,,,,,,,,,,,,,,,,,,,,,,,,,,,,,,,,,,,,,,,,,,,,,,,,
,,,,,,,,,,,,,,,,,,,,,,,,,,,,,,,,,,,,,,,,,,,,,,,,,,,,,,,,,,,,,,,,
,,,,,,,,,,,,,,,,,,,,,,,,,,,,,,,,,,,,,,,,,,,,,,,,,,,,,,,,,,,,,,,,
,,,,,,,,,,,,,,,,,,,,,,,,,,,,,,,,,,,,,,,,,,,,,,,,,,,,,,,,,,,,,,,,
,,,,,,,,,,,,,,,,,,,,,,,,,,,,,,,,,,,,,,,,,,,,,,,,,,,,,,,,,,,,,,,,
,,,,,,,,,,,,,,,,,,,,,,,,,,,,,,,,,,,,,,,,,,,,,,,,,,,,,,,,,,,,,,,,
,,,,,,,,,,,,,,,,,,,,,,,,,,,,,,,,,,,,,,,,,,,,,,,,,,,,,,,,,,,,,,,,
,,,,,,,,,,,,,,,,,,,,,,,,,,,,,,,,,,,,,,,,,,,,,,,,,,,,,,,,,,,,,,,,
,,,,,,,,,,,,,,,,,,,,,,,,,,,,,,,,,,,,,,,,,,,,,,,,,,,,,,,,,,,,,,,,
,,,,,,,,,,,,,,,,,,,,,,,,,,,,,,,,,,,,,,,,,,,,,,,,,,,,,,,,,,,,,,,,
,,,,,,,,,,,,,,,,,,,,,,,,,,,,,,,,,,,,,,,,,,,,,,,,,,,,,,,,,,,,,,,,
,,,,,,,,,,,,,,,,,,,,,,,,,,,,,,,,,,,,,,,,,,,,,,,,,,,,,,,,,,,,,,,,
,,,,,,,,,,,,,,,,,,,,,,,,,,,,,,,,,,,,,,,,,,,,,,,,,,,,,,,,,,,,,,,,
,,,,,,,,,,,,,,,,,,,,,,,,,,,,,,,,,,,,,,,,,,,,,,,,,,,,,,,,,,,,,,,,
,,,,,,,,,,,,,,,,,,,,,,,,,,,,,,,,,,,,,,,,,,,,,,,,,,,,,,,,,,,,,,,,
,,,,,,,,,,,,,,,,,,,,,,,,,,,,,,,,,,,,,,,,,,,,,,,,,,,,,,,,,,,,,,,,
,,,,,,,,,,,,,,,,,,,,,,,,,,,,,,,,,,,,,,,,,,,,,,,,,,,,,,,,,,,,,,,,
,,,,,,,,,,,,,,,,,,,,,,,,,,,,,,,,,,,,,,,,,,,,,,,,,,,,,,,,,,,,,,,,
,,,,,,,,,,,,,,,,,,,,,,,,,,,,,,,,,,,,,,,,,,,,,,,,,,,,,,,,,,,,,,,,
,,,,,,,,,,,,,,,,,,,,,,,,,,,,,,,,,,,,,,,,,,,,,,,,,,,,,,,,,,,,,,,,
,,,,,,,,,,,,,,,,,,,,,,,,,,,,,,,,,,,,,,,,,,,,,,,,,,,,,,,,,,,,,,,,
,,,,,,,,,,,,,,,,,,,,,,,,,,,,,,,,,,,,,,,,,,,,,,,,,,,,,,,,,,,,,,,,
,,,,,,,,,,,,,,,,,,,,,,,,,,,,,,,,,,,,,,,,,,,,,,,,,,,,,,,,,,,,,,,,
,,,,,,,,,,,,,,,,,,,,,,,,,,,,,,,,,,,,,,,,,,,,,,,,,,,,,,,,,,,,,,,,
,,,,,,,,,,,,,,,,,,,,,,,,,,,,,,,,,,,,,,,,,,,,,,,,,,,,,,,,,,,,,,,,
,,,,,,,,,,,,,,,,,,,,,,,,,,,,,,,,,,,,,,,,,,,,,,,,,,,,,,,,,,,,,,,,
,,,,,,,,,,,,,,,,,,,,,,,,,,,,,,,,,,,,,,,,,,,,,,,,,,,,,,,,,,,,,,,,
,,,,,,,,,,,,,,,,,,,,,,,,,,,,,,,,,,,,,,,,,,,,,,,,,,,,,,,,,,,,,,,,
,,,,,,,,,,,,,,,,,,,,,,,,,,,,,,,,,,,,,,,,,,,,,,,,,,,,,,,,,,,,,,,,
,,,,,,,,,,,,,,,,,,,,,,,,,,,,,,,,,,,,,,,,,,,,,,,,,,,,,,,,,,,,,,,,
,,,,,,,,,,,,,,,,,,,,,,,,,,,,,,,,,,,,,,,,,,,,,,,,,,,,,,,,,,,,,,,,
,,,,,,,,,,,,,,,,,,,,,,,,,,,,,,,,,,,,,,,,,,,,,,,,,,,,,,,,,,,,,,,,
,,,,,,,,,,,,,,,,,,,,,,,,,,,,,,,,,,,,,,,,,,,,,,,,,,,,,,,,,,,,,,,,
,,,,,,,,,,,,,,,,,,,,,,,,,,,,,,,,,,,,,,,,,,,,,,,,,,,,,,,,,,,,,,,,
,,,,,,,,,,,,,,,,,,,,,,,,,,,,,,,,,,,,,,,,,,,,,,,,,,,,,,,,,,,,,,,,
,,,,,,,,,,,,,,,,,,,,,,,,,,,,,,,,,,,,,,,,,,,,,,,,,,,,,,,,,,,,,,,,
,,,,,,,,,,,,,,,,,,,,,,,,,,,,,,,,,,,,,,,,,,,,,,,,,,,,,,,,,,,,,,,,
,,,,,,,,,,,,,,,,,,,,,,,,,,,,,,,,,,,,,,,,,,,,,,,,,,,,,,,,,,,,,,,,
,,,,,,,,,,,,,,,,,,,,,,,,,,,,,,,,,,,,,,,,,,,,,,,,,,,,,,,,,,,,,,,,
,,,,,,,,,,,,,,,,,,,,,,,,,,,,,,,,,,,,,,,,,,,,,,,,,,,,,,,,,,,,,,,,
,,,,,,,,,,,,,,,,,,,,,,,,,,,,,,,,,,,,,,,,,,,,,,,,,,,,,,,,,,,,,,,,
,,,,,,,,,,,,,,,,,,,,,,,,,,,,,,,,,,,,,,,,,,,,,,,,,,,,,,,,,,,,,,,,
,,,,,,,,,,,,,,,,,,,,,,,,,,,,,,,,,,,,,,,,,,,,,,,,,,,,,,,,,,,,,,,,
,,,,,,,,,,,,,,,,,,,,,,,,,,,,,,,,,,,,,,,,,,,,,,,,,,,,,,,,,,,,,,,,
,,,,,,,,,,,,,,,,,,,,,,,,,,,,,,,,,,,,,,,,,,,,,,,,,,,,,,,,,,,,,,,,
,,,,,,,,,,,,,,,,,,,,,,,,,,,,,,,,,,,,,,,,,,,,,,,,,,,,,,,,,,,,,,,,
,,,,,,,,,,,,,,,,,,,,,,,,,,,,,,,,,,,,,,,,,,,,,,,,,,,,,,,,,,,,,,,,
,,,,,,,,,,,,,,,,,,,,,,,,,,,,,,,,,,,,,,,,,,,,,,,,,,,,,,,,,,,,,,,,
,,,,,,,,,,,,,,,,,,,,,,,,,,,,,,,,,,,,,,,,,,,,,,,,,,,,,,,,,,,,,,,,
,,,,,,,,,,,,,,,,,,,,,,,,,,,,,,,,,,,,,,,,,,,,,,,,,,,,,,,,,,,,,,,,
,,,,,,,,,,,,,,,,,,,,,,,,,,,,,,,,,,,,,,,,,,,,,,,,,,,,,,,,,,,,,,,,
,,,,,,,,,,,,,,,,,,,,,,,,,,,,,,,,,,,,,,,,,,,,,,,,,,,,,,,,,,,,,,,,
,,,,,,,,,,,,,,,,,,,,,,,,,,,,,,,,,,,,,,,,,,,,,,,,,,,,,,,,,,,,,,,,
,,,,,,,,,,,,,,,,,,,,,,,,,,,,,,,,,,,,,,,,,,,,,,,,,,,,,,,,,,,,,,,,
,,,,,,,,,,,,,,,,,,,,,,,,,,,,,,,,,,,,,,,,,,,,,,,,,,,,,,,,,,,,,,,,
,,,,,,,,,,,,,,,,,,,,,,,,,,,,,,,,,,,,,,,,,,,,,,,,,,,,,,,,,,,,,,,,
,,,,,,,,,,,,,,,,,,,,,,,,,,,,,,,,,,,,,,,,,,,,,,,,,,,,,,,,,,,,,,,,
,,,,,,,,,,,,,,,,,,,,,,,,,,,,,,,,,,,,,,,,,,,,,,,,,,,,,,,,,,,,,,,,
,,,,,,,,,,,,,,,,,,,,,,,,,,,,,,,,,,,,,,,,,,,,,,,,,,,,,,,,,,,,,,,,
,,,,,,,,,,,,,,,,,,,,,,,,,,,,,,,,,,,,,,,,,,,,,,,,,,,,,,,,,,,,,,,,
,,,,,,,,,,,,,,,,,,,,,,,,,,,,,,,,,,,,,,,,,,,,,,,,,,,,,,,,,,,,,,,,
,,,,,,,,,,,,,,,,,,,,,,,,,,,,,,,,,,,,,,,,,,,,,,,,,,,,,,,,,,,,,,,,
,,,,,,,,,,,,,,,,,,,,,,,,,,,,,,,,,,,,,,,,,,,,,,,,,,,,,,,,,,,,,,,,
,,,,,,,,,,,,,,,,,,,,,,,,,,,,,,,,,,,,,,,,,,,,,,,,,,,,,,,,,,,,,,,,
,,,,,,,,,,,,,,,,,,,,,,,,,,,,,,,,,,,,,,,,,,,,,,,,,,,,,,,,,,,,,,,,
,,,,,,,,,,,,,,,,,,,,,,,,,,,,,,,,,,,,,,,,,,,,,,,,,,,,,,,,,,,,,,,,
,,,,,,,,,,,,,,,,,,,,,,,,,,,,,,,,,,,,,,,,,,,,,,,,,,,,,,,,,,,,,,,,
,,,,,,,,,,,,,,,,,,,,,,,,,,,,,,,,,,,,,,,,,,,,,,,,,,,,,,,,,,,,,,,,
,,,,,,,,,,,,,,,,,,,,,,,,,,,,,,,,,,,,,,,,,,,,,,,,,,,,,,,,,,,,,,,,
,,,,,,,,,,,,,,,,,,,,,,,,,,,,,,,,,,,,,,,,,,,,,,,,,,,,,,,,,,,,,,,,
,,,,,,,,,,,,,,,,,,,,,,,,,,,,,,,,,,,,,,,,,,,,,,,,,,,,,,,,,,,,,,,,
,,,,,,,,,,,,,,,,,,,,,,,,,,,,,,,,,,,,,,,,,,,,,,,,,,,,,,,,,,,,,,,,
,,,,,,,,,,,,,,,,,,,,,,,,,,,,,,,,,,,,,,,,,,,,,,,,,,,,,,,,,,,,,,,,
,,,,,,,,,,,,,,,,,,,,,,,,,,,,,,,,,,,,,,,,,,,,,,,,,,,,,,,,,,,,,,,,
,,,,,,,,,,,,,,,,,,,,,,,,,,102,70,77,81,80,69,98,80,65,62,52,101,80,57,127,92,69,53,43,105,126,71,121,43,66,91,71,82,122,116,36,37,89,75,46,125,82,127,42
,,,,,,,,,,,,,,,,,,,,,,,,,,89,57,115,109,60,96,91,116,59,115,88,119,68,97,119,48,62,102,120,114,123,65,116,39,124,112,34,123,40,76,36,68,100,108,47,46,69,40,74
,,,,,,,,,,,,,,,,,,,,,,,,,,64,36,63,90,32,111,98,71,40,92,41,90,95,89,79,60,66,61,38,40,47,127,37,53,56,116,93,35,36,86,127,60,80,120,73,101,33,116,74
,,,,,,,,,,,,,,,,,,,,,,,,,,97,104,103,81,105,82,62,127,58,64,64,59,56,65,62,68,117,81,113,112,126,48,83,36,40,66,61,78,55,57,119,49,33,118,111,65,63,59,61
,,,,,,,,,,,,,,,,,,,,,,,,,,51,88,58,100,71,78,93,32,109,50,104,99,90,32,87,80,84,97,55,45,36,45,73,98,105,109,81,108,121,110,100,110,54,78,77,88,67,93,67
,,,,,,,,,,,,,,,,,,,,,,,,,,120,65,113,33,43,114,63,105,46,126,123,123,80,37,79,122,63,76,72,94,117,127,83,75,113,109,124,64,49,104,59,42,109,109,85,53,39,71,71
,,,,,,,,,,,,,,,,,,,,,,,,,,35,88,59,115,95,91,51,92,125,72,34,35,55,40,70,43,57,118,58,79,78,122,72,125,81,76,49,89,78,127,50,113,56,75,36,39,104,50,100
,,,,,,,,,,,,,,,,,,,,,,,,,,108,72,113,113,84,82,61,57,81,95,49,74,115,70,39,55,48,75,33,90,84,81,117,68,119,119,41,46,56,97,124,38,54,80,48,43,95,53,118
,,,,,,,,,,,,,,,,,,,,,,,,,,52,103,93,82,93,77,49,65,104,94,93,60,99,97,95,108,95,85,51,117,81,98,75,89,98,111,98,110,37,56,101,36,82,34,90,96,74,104,113
,,,,,,,,,,,,,,,,,,,,,,,,,,98,68,40,59,103,47,110,111,109,85,59,53,118,122,35,97,74,81,80,43,75,57,87,40,54,72,37,42,77,113,49,51,95,78,117,79,115,85,75
,,,,,,,,,,,,,,,,,,,,,,,,,,90,38,126,81,58,105,73,96,82,48,42,73,58,95,69,106,44,62,86,60,123,100,71,114,36,70,73,77,72,104,81,61,117,94,66,35,114,73,70
,,,,,,,,,,,,,,,,,,,,,,,,,,96,75,55,86,125,94,54,79,114,54,70,77,84,99,69,87,92,88,91,63,107,95,55,90,74,41,33,123,84,109,64,95,37,46,110,123,96,45,122
,,,,,,,,,,,,,,,,,,,,,,,,,,98,39,56,37,108,45,53,32,42,71,77,41,76,124,92,96,61,117,69,73,49,54,100,127,126,104,56,77,80,121,62,115,65,55,72,71,125,85,91
,,,,,,,,,,,,,,,,,,,,,,,,,,64,108,46,114,122,33,97,104,48,63,127,102,83,92,52,110,76,81,34,87,63,109,97,68,76,55,83,63,59,55,109,98,74,61,50,126,39,70,38
,,,,,,,,,,,,,,,,,,,,,,,,,,55,41,69,99,78,40,56,89,125,127,88,65,106,87,44,104,40,41,64,82,55,109,48,84,54,101,54,34,43,60,86,33,124,69,53,56,35,102,34
,,,,,,,,,,,,,,,,,,,,,,,,,,109,116,87,33,111,121,58,67,77,77,78,93,59,58,92,34,115,57,36,101,96,57,51,58,55,98,118,79,48,75,106,48,61,70,58,63,57,82,91
,,,,,,,,,,,,,,,,,,,,,,,,,,118,37,112,61,32,67,74,80,112,48,40,112,51,51,74,75,79,76,108,39,65,95,37,100,89,67,47,92,54,119,92,37,73,127,43,102,102,116,77
,,,,,,,,,,,,,,,,,,,,,,,,,,40,34,57,45,56,102,65,105,35,52,59,34,92,85,63,123,103,77,47,69,49,51,68,70,44,83,70,120,77,45,121,52,58,44,35,75,48,70,68
,,,,,,,,,,,,,,,,,,,,,,,,,,38,47,88,47,60,51,40,49,73,38,94,52,86,101,72,92,73,100,35,85,94,49,48,55,103,37,63,86,56,101,86,102,86,49,78,57,56,113,76
,,,,,,,,,,,,,,,,,,,,,,,,,,119,53,120,105,66,124,108,50,43,81,55,98,83,39,110,78,104,74,98,124,127,41,39,39,44,77,125,101,90,103,116,105,55,118,62,65,37,94,66
,,,,,,,,,,,,,,,,,,,,,,,,,,101,62,96,35,81,67,32,60,38,56,105,42,32,116,104,117,50,80,38,87,107,37,96,50,119,106,48,72,54,54,41,96,51,122,123,104,114,56,93
,,,,,,,,,,,,,,,,,,,,,,,,,,80,118,47,90,89,38,109,58,41,113,103,32,88,49,36,77,70,60,123,92,73,125,60,84,40,70,117,52,74,125,117,43,56,122,125,63,56,63,127
,,,,,,,,,,,,,,,,,,,,,,,,,,111,127,82,57,108,112,74,70,61,82,52,73,44,87,57,108,64,121,60,123,102,98,58,108,118,50,79,34,113,97,103,126,91,90,77,80,69,76,127
,,,,,,,,,,,,,,,,,,,,,,,,,,96,88,57,120,112,123,89,80,112,106,84,74,123,65,119,116,63,119,59,105,74,82,109,51,102,56,42,54,100,71,108,97,43,67,44,93,93,102,42
,,,,,,,,,,,,,,,,,,,,,,,,,,37,58,127,123,57,104,62,118,50,40,35,75,63,112,116,46,60,78,88,100,109,111,126,84,112,51,111,124,97,112,39,115,112,87,113,78,104,104,48
,,,,,,,,,,,,,,,,,,,,,,,,,,95,117,58,38,90,43,89,67,90,98,122,35,103,90,95,33,83,126,96,69,63,91,56,84,68,49,84,58,87,88,75,86,116,73,100,42,44,48,61
,,,,,,,,,,,,,,,,,,,,,,,,,,40,57,62,74,88,74,121,36,106,104,120,72,46,120,65,74,117,98,42,54,123,72,105,48,59,49,64,115,41,117,110,54,86,110,42,37,104,96,113
,,,,,,,,,,,,,,,,,,,,,,,,,,65,89,34,86,120,48,46,73,91,78,101,92,64,40,97,42,41,95,49,76,118,76,40,81,61,122,74,70,107,97,91,96,120,53,87,48,75,104,87
,,,,,,,,,,,,,,,,,,,,,,,,,,89,93,33,76,56,47,90,62,62,46,71,47,47,60,48,125,83,123,46,80,38,73,72,62,98,125,119,124,121,72,115,85,60,94,35,43,46,82,79
,,,,,,,,,,,,,,,,,,,,,,,,,,124,81,34,115,63,114,33,110,57,101,54,65,77,58,61,121,64,111,92,111,102,50,61,98,93,111,40,103,44,39,111,85,37,81,74,102,71,102,124
,,,,,,,,,,,,,,,,,,,,,,,,,,98,87,94,101,55,107,37,32,53,99,106,106,39,113,40,112,83,51,53,68,93,124,63,108,78,53,117,127,108,83,80,120,61,71,69,120,117,103,100
,,,,,,,,,,,,,,,,,,,,,,,,,,125,50,97,106,94,48,33,36,83,46,78,118,102,110,78,56,110,127,104,63,121,87,68,96,95,50,104,116,40,80,113,77,126,86,73,77,36,124,65
,,,,,,,,,,,,,,,,,,,,,,,,,,118,104,51,122,78,71,52,89,126,97,124,37,106,108,120,91,61,115,33,114,75,58,52,72,92,75,122,71,37,124,76,115,43,79,78,52,98,102,86
,,,,,,,,,,,,,,,,,,,,,,,,,,80,56,85,75,71,32,127,59,66,94,114,38,41,102,125,56,66,76,115,109,106,101,70,41,38,55,64,36,50,78,36,110,114,34,48,50,80,115,99
,,,,,,,,,,,,,,,,,,,,,,,,,,94,52,48,123,33,33,94,117,50,80,74,69,92,60,51,117,42,84,82,94,105,100,126,52,53,105,71,39,86,107,49,36,38,72,69,127,112,38,119
,,,,,,,,,,,,,,,,,,,,,,,,,,122,32,79,44,77,55,115,43,78,114,89,48,126,51,106,56,84,91,121,72,81,111,90,107,40,114,87,99,50,98,121,75,69,34,106,54,59,111,126
,,,,,,,,,,,,,,,,,,,,,,,,,,102,34,118,74,54,57,57,58,113,74,54,68,127,99,90,103,45,117,38,40,112,79,53,78,77,85,95,97,116,78,125,118,82,106,126,87,93,32,100
,,,,,,,,,,,,,,,,,,,,,,,,,,87,38,88,123,125,120,34,116,68,41,42,91,40,49,40,107,93,49,123,113,85,32,104,102,82,55,34,92,122,102,87,79,56,59,73,33,35,111,36
,,,,,,,,,,,,,,,,,,,,,,,,,,71,105,76,63,126,120,108,47,94,87,101,83,34,45,75,84,112,38,46,124,94,68,119,127,120,84,42,84,57,124,125,40,32,45,54,85,120,64,108
,,,,,,,,,,,,,,,,,,,,,,,,,,2,36,32,1,22,10,12,7,21,24,21,6,0,8,37,24,28,20,17,1,32,13,3,2,38,25,25,18,24,23,38,2,2,25,23,15,27,23,30
